participantID,stimulusID,scaleType,response
vp51_a,LTHB08,SAM-dominance,6
vp51_a,HTLB04,SAM-valence,3
vp51_a,HTLB13,Likert-safety,3
vp51_a,HTLB05,Likert-openness,2
vp51_a,LTHB16,Likert-openness,4
vp51_a,HTHB12,Likert-openness,4
vp51_a,HTHB15,SAM-valence,3
vp51_a,LTHB19,Likert-fascination,2
vp51_a,HTHB19,SAM-valence,3
vp51_a,HTLB03,Likert-safety,3
vp51_a,HTLB11,SAM-arousal,5
vp51_a,HTHB22,Likert-openness,5
vp51_a,HTLB12,SAM-dominance,2
vp51_a,LTLB22,SAM-valence,6
vp51_a,HTHB06,Likert-hominess,2
vp51_a,HTHB06,SAM-valence,5
vp51_a,HTLB06,SAM-dominance,6
vp51_a,HTHB22,Likert-fascination,4
vp51_a,HTLB05,SAM-arousal,8
vp51_a,HTLB12,Likert-openness,2
vp51_a,LTLB22,Likert-openness,3
vp51_a,LTHB10,Likert-safety,4
vp51_a,LTLB03,Likert-safety,4
vp51_a,LTLB12,Likert-fascination,4
vp51_a,LTHB08,Likert-openness,2
vp51_a,HTHB08,SAM-valence,5
vp51_a,LTLB03,SAM-dominance,8
vp51_a,HTLB04,Likert-safety,3
vp51_a,HTHB15,Likert-beauty,4
vp51_a,LTLB22,Likert-safety,2
vp51_a,LTLB01,Likert-safety,4
vp51_a,HTLB13,Likert-openness,4
vp51_a,HTLB13,Likert-fascination,2
vp51_a,LTHB19,SAM-dominance,4
vp51_a,LTLB03,Likert-fascination,4
vp51_a,LTLB06,Likert-stress,4
vp51_a,HTHB19,Likert-safety,5
vp51_a,LTHB18,SAM-dominance,2
vp51_a,LTHB07,SAM-dominance,5
vp51_a,HTHB19,SAM-dominance,5
vp51_a,HTLB11,Likert-beauty,4
vp51_a,LTHB19,Likert-openness,1
vp51_a,LTHB16,SAM-valence,5
vp51_a,HTHB12,Likert-hominess,3
vp51_a,HTLB06,Likert-openness,4
vp51_a,LTLB07,Likert-stress,2
vp51_a,LTHB18,Likert-beauty,2
vp51_a,LTLB11,Likert-stress,2
vp51_a,LTLB11,Likert-openness,3
vp51_a,LTHB10,Likert-beauty,2
vp51_a,HTHB08,Likert-beauty,3
vp51_a,LTLB12,Likert-hominess,4
vp51_a,HTLB05,SAM-valence,2
vp51_a,HTHB18,Likert-stress,2
vp51_a,HTHB08,Likert-safety,3
vp51_a,HTHB02,SAM-valence,3
vp51_a,HTHB08,Likert-stress,3
vp51_a,LTLB22,SAM-arousal,6
vp51_a,LTHB18,Likert-safety,3
vp51_a,HTHB08,Likert-openness,2
vp51_a,HTHB06,SAM-arousal,7
vp51_a,HTLB03,Likert-fascination,5
vp51_a,LTHB08,Likert-hominess,4
vp51_a,HTLB12,Likert-safety,2
vp51_a,HTLB03,Likert-hominess,2
vp51_a,LTLB12,SAM-dominance,7
vp51_a,HTLB05,Likert-fascination,5
vp51_a,HTLB06,Likert-safety,3
vp51_a,HTLB11,SAM-dominance,4
vp51_a,HTLB03,SAM-dominance,6
vp51_a,HTHB08,SAM-arousal,7
vp51_a,LTLB01,SAM-valence,4
vp51_a,LTLB11,Likert-fascination,5
vp51_a,LTLB06,Likert-beauty,2
vp51_a,HTLB12,Likert-beauty,1
vp51_a,LTHB16,SAM-arousal,5
vp51_a,LTLB07,Likert-fascination,5
vp51_a,HTHB02,Likert-fascination,4
vp51_a,HTHB08,Likert-hominess,3
vp51_a,LTLB07,Likert-hominess,4
vp51_a,LTHB08,SAM-arousal,8
vp51_a,HTHB18,Likert-beauty,3
vp51_a,HTLB06,Likert-hominess,3
vp51_a,LTHB16,Likert-beauty,2
vp51_a,LTHB18,SAM-arousal,3
vp51_a,LTLB22,Likert-stress,4
vp51_a,LTLB03,Likert-openness,2
vp51_a,HTHB06,SAM-dominance,5
vp51_a,LTLB03,SAM-valence,3
vp51_a,LTHB07,Likert-openness,4
vp51_a,LTHB19,Likert-beauty,2
vp51_a,LTHB19,SAM-valence,6
vp51_a,LTLB01,Likert-beauty,4
vp51_a,HTHB08,Likert-fascination,2
vp51_a,LTLB07,SAM-dominance,8
vp51_a,HTHB19,SAM-arousal,7
vp51_a,HTLB12,Likert-stress,4
vp51_a,HTLB05,Likert-stress,2
vp51_a,LTLB06,SAM-dominance,3
vp51_a,HTHB15,Likert-openness,3
vp51_a,LTLB01,Likert-stress,2
vp51_a,LTLB22,Likert-beauty,2
vp51_a,LTLB22,SAM-dominance,3
vp51_a,HTHB18,Likert-fascination,4
vp51_a,LTHB10,SAM-arousal,4
vp51_a,LTLB01,SAM-dominance,7
vp51_a,LTLB03,Likert-stress,2
vp51_a,HTLB13,SAM-dominance,7
vp51_a,LTHB10,SAM-valence,3
vp51_a,HTLB05,Likert-safety,4
vp51_a,HTHB15,Likert-safety,5
vp51_a,HTHB02,SAM-arousal,3
vp51_a,LTHB10,Likert-openness,4
vp51_a,LTLB12,SAM-arousal,7
vp51_a,HTHB18,SAM-dominance,4
vp51_a,LTHB10,Likert-hominess,4
vp51_a,LTLB11,SAM-dominance,9
vp51_a,HTLB04,SAM-dominance,6
vp51_a,HTLB11,SAM-valence,6
vp51_a,LTHB16,Likert-fascination,3
vp51_a,HTLB05,Likert-hominess,4
vp51_a,LTLB07,Likert-beauty,5
vp51_a,HTLB11,Likert-openness,2
vp51_a,LTLB01,Likert-hominess,5
vp51_a,LTLB12,Likert-beauty,5
vp51_a,LTLB12,Likert-openness,4
vp51_a,HTLB04,Likert-beauty,5
vp51_a,LTHB16,SAM-dominance,4
vp51_a,HTHB19,Likert-stress,2
vp51_a,HTLB04,Likert-hominess,3
vp51_a,HTHB22,Likert-beauty,3
vp51_a,HTLB05,SAM-dominance,6
vp51_a,LTLB12,SAM-valence,4
vp51_a,LTLB22,Likert-hominess,2
vp51_a,LTHB18,SAM-valence,7
vp51_a,LTHB16,Likert-safety,4
vp51_a,HTLB11,Likert-stress,3
vp51_a,LTHB08,Likert-beauty,3
vp51_a,LTHB10,SAM-dominance,5
vp51_a,HTLB04,Likert-stress,4
vp51_a,HTHB18,Likert-openness,5
vp51_a,LTHB07,Likert-fascination,5
vp51_a,LTHB16,Likert-hominess,2
vp51_a,HTLB03,Likert-stress,3
vp51_a,LTHB08,Likert-safety,4
vp51_a,HTLB13,Likert-beauty,2
vp51_a,LTHB07,SAM-arousal,7
vp51_a,LTLB11,Likert-beauty,4
vp51_a,HTHB02,Likert-beauty,3
vp51_a,LTLB22,Likert-fascination,2
vp51_a,LTHB10,Likert-fascination,3
vp51_a,HTLB03,SAM-valence,5
vp51_a,HTLB06,SAM-valence,5
vp51_a,HTHB19,Likert-fascination,3
vp51_a,LTLB07,SAM-arousal,5
vp51_a,LTLB11,SAM-valence,3
vp51_a,LTHB07,Likert-safety,4
vp51_a,HTLB06,Likert-beauty,2
vp51_a,HTHB22,Likert-safety,4
vp51_a,HTHB22,Likert-hominess,2
vp51_a,HTHB02,SAM-dominance,3
vp51_a,LTHB18,Likert-stress,4
vp51_a,HTHB02,Likert-safety,2
vp51_a,LTHB08,Likert-fascination,3
vp51_a,HTLB13,Likert-hominess,1
vp51_a,LTLB06,Likert-hominess,2
vp51_a,HTHB06,Likert-safety,3
vp51_a,HTHB12,SAM-valence,4
vp51_a,LTLB11,Likert-safety,3
vp51_a,HTHB02,Likert-hominess,3
vp51_a,LTHB18,Likert-hominess,2
vp51_a,HTHB06,Likert-fascination,3
vp51_a,HTHB06,Likert-openness,3
vp51_a,LTLB06,Likert-fascination,2
vp51_a,LTLB03,SAM-arousal,5
vp51_a,HTHB06,Likert-stress,3
vp51_a,LTLB01,SAM-arousal,6
vp51_a,HTHB12,SAM-dominance,5
vp51_a,HTLB13,Likert-stress,2
vp51_a,LTLB07,SAM-valence,3
vp51_a,HTLB04,Likert-openness,4
vp51_a,HTHB18,SAM-arousal,5
vp51_a,LTLB06,SAM-valence,5
vp51_a,LTLB12,Likert-stress,2
vp51_a,HTHB06,Likert-beauty,1
vp51_a,HTLB06,Likert-fascination,2
vp51_a,HTHB12,Likert-stress,3
vp51_a,HTHB12,SAM-arousal,9
vp51_a,LTLB11,Likert-hominess,4
vp51_a,HTLB12,SAM-arousal,5
vp51_a,HTHB22,SAM-arousal,3
vp51_a,HTHB12,Likert-fascination,3
vp51_a,HTHB22,Likert-stress,3
vp51_a,LTLB07,Likert-safety,4
vp51_a,HTLB03,Likert-beauty,3
vp51_a,HTHB02,Likert-openness,5
vp51_a,LTLB06,SAM-arousal,2
vp51_a,LTLB03,Likert-hominess,2
vp51_a,HTLB04,Likert-fascination,5
vp51_a,LTLB12,Likert-safety,5
vp51_a,HTLB13,SAM-valence,6
vp51_a,HTLB13,SAM-arousal,5
vp51_a,HTLB03,Likert-openness,2
vp51_a,LTHB19,Likert-hominess,1
vp51_a,HTHB18,SAM-valence,5
vp51_a,HTHB02,Likert-stress,4
vp51_a,LTHB07,Likert-hominess,4
vp51_a,HTHB19,Likert-openness,2
vp51_a,LTLB01,Likert-openness,2
vp51_a,HTHB22,SAM-valence,5
vp51_a,HTLB12,Likert-fascination,2
vp51_a,HTHB15,Likert-stress,2
vp51_a,HTLB05,Likert-beauty,4
vp51_a,LTHB10,Likert-stress,4
vp51_a,HTLB06,SAM-arousal,6
vp51_a,HTLB04,SAM-arousal,5
vp51_a,HTHB22,SAM-dominance,5
vp51_a,LTHB07,Likert-beauty,4
vp51_a,LTLB06,Likert-openness,2
vp51_a,LTLB01,Likert-fascination,3
vp51_a,HTLB11,Likert-fascination,3
vp51_a,LTLB11,SAM-arousal,7
vp51_a,LTHB18,Likert-fascination,1
vp51_a,LTHB16,Likert-stress,2
vp51_a,HTLB12,SAM-valence,9
vp51_a,HTHB19,Likert-hominess,2
vp51_a,HTHB19,Likert-beauty,2
vp51_a,HTHB15,SAM-dominance,9
vp51_a,LTHB08,SAM-valence,3
vp51_a,HTHB18,Likert-hominess,3
vp51_a,LTHB07,SAM-valence,4
vp51_a,HTLB12,Likert-hominess,2
vp51_a,HTHB12,Likert-safety,4
vp51_a,LTHB18,Likert-openness,2
vp51_a,HTLB03,SAM-arousal,5
vp51_a,HTHB12,Likert-beauty,2
vp51_a,LTLB06,Likert-safety,2
vp51_a,LTHB08,Likert-stress,3
vp51_a,HTHB18,Likert-safety,4
vp51_a,LTLB03,Likert-beauty,4
vp51_a,HTHB08,SAM-dominance,1
vp51_a,HTHB15,SAM-arousal,7
vp51_a,LTHB07,Likert-stress,3
vp51_a,HTHB15,Likert-fascination,4
vp51_a,LTHB19,Likert-stress,4
vp51_a,LTLB07,Likert-openness,3
vp51_a,HTHB15,Likert-hominess,3
vp51_a,LTHB19,Likert-safety,1
vp51_a,LTHB19,SAM-arousal,5
vp51_a,HTLB11,Likert-safety,2
vp51_a,HTLB11,Likert-hominess,1
vp51_a,HTLB06,Likert-stress,3
