participantID,stimulusID,scaleType,response
37_b,HTHB14,Likert-Sicherheit,2
37_b,LTHB20,SAM-valence,7
37_b,LTHB03,Likert-Stress,4
37_b,LTHB04,Likert-Sicherheit,4
37_b,LTLB20,Likert-Offenheit,4
37_b,HTHB09,Likert-Schönheit,3
37_b,LTHB20,Likert-Heimeligkeit,1
37_b,LTLB04,SAM-arousal,8
37_b,LTHB25,Likert-Heimeligkeit,2
37_b,HTHB21,Likert-Schönheit,3
37_b,LTLB02,Likert-Heimeligkeit,2
37_b,HTHB14,Likert-Stress,4
37_b,HTHB05,Likert-Stress,5
37_b,HTLB15,Likert-Offenheit,2
37_b,LTLB04,Likert-Heimeligkeit,4
37_b,HTLB23,Likert-Offenheit,1
37_b,LTHB25,SAM-dominance,4
37_b,LTHB04,SAM-dominance,4
37_b,LTLB14,Likert-Stress,1
37_b,HTHB21,Likert-Faszination,4
37_b,LTLB19,Likert-Schönheit,3
37_b,LTHB09,Likert-Schönheit,2
37_b,LTLB20,Likert-Stress,2
37_b,LTLB14,SAM-valence,1
37_b,HTLB22,SAM-valence,7
37_b,HTLB21,Likert-Heimeligkeit,4
37_b,HTLB17,Likert-Heimeligkeit,4
37_b,LTLB04,Likert-Faszination,5
37_b,LTLB04,Likert-Offenheit,2
37_b,HTHB04,Likert-Heimeligkeit,1
37_b,LTLB02,SAM-valence,4
37_b,LTLB14,SAM-dominance,6
37_b,LTLB19,Likert-Faszination,4
37_b,HTHB16,Likert-Offenheit,1
37_b,LTHB11,Likert-Stress,5
37_b,HTLB09,SAM-dominance,4
37_b,HTLB16,Likert-Faszination,4
37_b,HTHB16,Likert-Stress,5
37_b,LTHB11,Likert-Schönheit,1
37_b,HTLB23,Likert-Heimeligkeit,1
37_b,HTHB21,Likert-Sicherheit,2
37_b,LTHB25,SAM-valence,7
37_b,LTHB04,Likert-Offenheit,2
37_b,HTHB09,Likert-Heimeligkeit,2
37_b,LTHB05,Likert-Faszination,5
37_b,LTHB03,Likert-Offenheit,2
37_b,LTLB17,SAM-arousal,7
37_b,HTHB14,SAM-arousal,1
37_b,HTLB22,Likert-Heimeligkeit,1
37_b,HTLB09,Likert-Faszination,2
37_b,HTLB16,Likert-Sicherheit,2
37_b,LTHB11,Likert-Heimeligkeit,1
37_b,HTLB16,SAM-dominance,3
37_b,HTLB23,SAM-arousal,5
37_b,LTLB15,SAM-valence,3
37_b,HTHB09,Likert-Faszination,1
37_b,HTLB21,Likert-Faszination,2
37_b,LTLB02,Likert-Sicherheit,3
37_b,LTLB17,Likert-Faszination,4
37_b,LTLB17,SAM-valence,5
37_b,HTHB04,SAM-valence,7
37_b,LTHB20,SAM-dominance,3
37_b,LTHB04,SAM-arousal,3
37_b,HTHB05,SAM-arousal,1
37_b,HTLB16,SAM-valence,4
37_b,HTLB22,Likert-Sicherheit,1
37_b,HTLB21,Likert-Schönheit,1
37_b,LTLB19,Likert-Heimeligkeit,3
37_b,HTHB05,Likert-Schönheit,1
37_b,HTHB14,SAM-valence,8
37_b,HTHB16,Likert-Schönheit,1
37_b,LTLB17,Likert-Heimeligkeit,2
37_b,LTLB20,Likert-Sicherheit,4
37_b,LTHB05,Likert-Sicherheit,2
37_b,HTHB04,Likert-Schönheit,1
37_b,LTHB11,Likert-Faszination,1
37_b,HTHB21,Likert-Stress,2
37_b,LTLB20,Likert-Faszination,4
37_b,HTLB15,SAM-valence,4
37_b,LTHB03,Likert-Schönheit,2
37_b,LTLB19,SAM-dominance,6
37_b,LTHB14,SAM-dominance,1
37_b,HTLB15,SAM-arousal,6
37_b,LTLB17,SAM-dominance,5
37_b,HTHB09,Likert-Offenheit,2
37_b,LTLB04,Likert-Sicherheit,4
37_b,LTLB02,Likert-Faszination,3
37_b,HTLB16,Likert-Stress,4
37_b,HTLB23,Likert-Sicherheit,3
37_b,HTHB21,SAM-arousal,4
37_b,LTHB11,SAM-arousal,2
37_b,HTLB09,SAM-valence,5
37_b,LTLB14,Likert-Schönheit,5
37_b,LTHB14,Likert-Faszination,4
37_b,HTLB15,Likert-Sicherheit,4
37_b,HTHB16,Likert-Heimeligkeit,1
37_b,HTHB21,Likert-Heimeligkeit,1
37_b,LTHB05,Likert-Stress,2
37_b,HTLB21,Likert-Offenheit,3
37_b,HTHB21,SAM-valence,5
37_b,LTLB17,Likert-Schönheit,4
37_b,HTLB23,SAM-valence,8
37_b,LTHB11,Likert-Offenheit,1
37_b,LTHB14,Likert-Sicherheit,3
37_b,LTLB15,Likert-Faszination,4
37_b,LTLB14,Likert-Sicherheit,4
37_b,LTHB03,SAM-dominance,5
37_b,HTLB15,Likert-Heimeligkeit,4
37_b,LTLB17,Likert-Sicherheit,3
37_b,LTHB25,Likert-Faszination,2
37_b,LTHB20,Likert-Offenheit,1
37_b,HTLB16,Likert-Schönheit,2
37_b,HTLB15,Likert-Faszination,2
37_b,HTHB05,Likert-Heimeligkeit,1
37_b,LTLB20,SAM-dominance,6
37_b,HTHB09,Likert-Stress,4
37_b,LTHB04,Likert-Faszination,3
37_b,LTLB19,SAM-arousal,6
37_b,LTHB20,SAM-arousal,1
37_b,HTHB04,Likert-Stress,4
37_b,HTHB09,SAM-valence,6
37_b,HTHB04,Likert-Sicherheit,1
37_b,HTHB04,SAM-arousal,1
37_b,LTLB14,Likert-Offenheit,4
37_b,HTHB04,SAM-dominance,5
37_b,HTHB14,Likert-Heimeligkeit,1
37_b,LTHB11,SAM-valence,7
37_b,HTHB04,Likert-Faszination,1
37_b,HTLB23,Likert-Schönheit,1
37_b,HTLB22,Likert-Offenheit,2
37_b,LTHB05,SAM-arousal,6
37_b,HTLB15,SAM-dominance,5
37_b,HTHB05,Likert-Faszination,2
37_b,LTHB05,Likert-Offenheit,2
37_b,LTLB15,Likert-Schönheit,4
37_b,LTHB09,Likert-Sicherheit,3
37_b,HTHB16,Likert-Sicherheit,1
37_b,LTHB05,Likert-Heimeligkeit,4
37_b,HTLB09,Likert-Stress,3
37_b,LTLB02,Likert-Offenheit,2
37_b,LTHB14,SAM-valence,6
37_b,LTHB09,SAM-arousal,6
37_b,HTHB16,SAM-valence,2
37_b,LTHB09,Likert-Heimeligkeit,3
37_b,HTLB16,SAM-arousal,2
37_b,LTLB20,Likert-Heimeligkeit,4
37_b,LTLB02,SAM-dominance,5
37_b,LTLB04,SAM-valence,7
37_b,LTHB03,SAM-arousal,3
37_b,LTHB05,Likert-Schönheit,5
37_b,HTLB15,Likert-Schönheit,3
37_b,LTHB14,Likert-Stress,4
37_b,HTLB17,SAM-valence,3
37_b,LTHB25,Likert-Offenheit,1
37_b,LTLB02,Likert-Stress,3
37_b,HTHB14,Likert-Faszination,1
37_b,LTLB15,Likert-Sicherheit,4
37_b,LTLB19,SAM-valence,5
37_b,HTLB17,SAM-arousal,8
37_b,HTLB22,SAM-arousal,2
37_b,HTHB05,Likert-Offenheit,4
37_b,LTHB25,Likert-Sicherheit,3
37_b,HTLB17,Likert-Faszination,3
37_b,HTHB21,Likert-Offenheit,4
37_b,LTLB20,Likert-Schönheit,5
37_b,LTHB25,Likert-Schönheit,2
37_b,LTHB09,Likert-Offenheit,2
37_b,LTHB09,Likert-Stress,4
37_b,LTLB17,Likert-Offenheit,4
37_b,HTHB21,SAM-dominance,4
37_b,LTHB14,SAM-arousal,3
37_b,HTHB09,SAM-arousal,5
37_b,HTLB17,SAM-dominance,5
37_b,HTHB16,SAM-dominance,4
37_b,LTHB25,SAM-arousal,3
37_b,HTLB09,Likert-Schönheit,3
37_b,HTLB09,Likert-Heimeligkeit,4
37_b,HTLB22,SAM-dominance,5
37_b,LTHB04,Likert-Stress,4
37_b,LTHB14,Likert-Schönheit,4
37_b,HTLB09,Likert-Offenheit,2
37_b,LTHB20,Likert-Sicherheit,1
37_b,LTHB05,SAM-dominance,5
37_b,LTHB09,SAM-dominance,4
37_b,LTLB04,SAM-dominance,4
37_b,HTLB09,SAM-arousal,6
37_b,HTLB17,Likert-Stress,1
37_b,HTLB15,Likert-Stress,2
37_b,HTLB16,Likert-Offenheit,2
37_b,LTLB14,Likert-Faszination,5
37_b,LTHB04,Likert-Heimeligkeit,2
37_b,LTHB14,Likert-Heimeligkeit,2
37_b,LTLB04,Likert-Stress,1
37_b,HTHB14,SAM-dominance,2
37_b,HTLB21,SAM-valence,6
37_b,HTLB16,Likert-Heimeligkeit,2
37_b,LTHB03,SAM-valence,5
37_b,LTHB11,SAM-dominance,5
37_b,LTLB20,SAM-valence,2
37_b,HTLB22,Likert-Stress,4
37_b,HTHB09,Likert-Sicherheit,4
37_b,HTLB22,Likert-Schönheit,2
37_b,HTLB21,Likert-Stress,2
37_b,LTLB15,Likert-Heimeligkeit,5
37_b,LTLB02,SAM-arousal,4
37_b,LTLB15,Likert-Offenheit,2
37_b,LTLB17,Likert-Stress,3
37_b,LTHB25,Likert-Stress,4
37_b,LTHB20,Likert-Schönheit,1
37_b,HTLB17,Likert-Sicherheit,4
37_b,LTHB14,Likert-Offenheit,4
37_b,LTLB15,SAM-arousal,9
37_b,LTHB20,Likert-Faszination,1
37_b,LTHB04,SAM-valence,5
37_b,HTLB21,SAM-dominance,5
37_b,HTLB09,Likert-Sicherheit,4
37_b,HTHB14,Likert-Offenheit,2
37_b,HTHB09,SAM-dominance,5
37_b,LTLB15,SAM-dominance,6
37_b,HTLB22,Likert-Faszination,2
37_b,LTLB20,SAM-arousal,6
37_b,HTLB17,Likert-Schönheit,4
37_b,HTHB14,Likert-Schönheit,1
37_b,HTHB04,Likert-Offenheit,4
37_b,HTHB05,SAM-valence,3
37_b,HTLB23,SAM-dominance,3
37_b,HTLB21,SAM-arousal,6
37_b,HTHB05,SAM-dominance,5
37_b,LTHB04,Likert-Schönheit,4
37_b,HTLB17,Likert-Offenheit,5
37_b,HTLB21,Likert-Sicherheit,4
37_b,HTHB16,Likert-Faszination,1
37_b,LTLB19,Likert-Sicherheit,4
37_b,HTHB05,Likert-Sicherheit,2
37_b,LTLB19,Likert-Stress,2
37_b,LTLB14,SAM-arousal,9
37_b,LTHB03,Likert-Faszination,2
37_b,HTLB23,Likert-Faszination,1
37_b,LTHB09,Likert-Faszination,4
37_b,LTHB20,Likert-Stress,5
37_b,HTLB23,Likert-Stress,5
37_b,LTLB15,Likert-Stress,1
37_b,LTHB03,Likert-Heimeligkeit,1
37_b,LTHB09,SAM-valence,5
37_b,LTHB05,SAM-valence,6
37_b,LTHB11,Likert-Sicherheit,2
37_b,LTLB02,Likert-Schönheit,3
37_b,LTLB14,Likert-Heimeligkeit,5
37_b,LTLB19,Likert-Offenheit,2
37_b,LTHB03,Likert-Sicherheit,3
37_b,HTHB16,SAM-arousal,3
37_b,LTLB04,Likert-Schönheit,5
