participantID,stimulusID,scaleType,response
vp51_b,HTLB22,Likert-openness,1
vp51_b,LTHB09,Likert-hominess,3
vp51_b,LTLB17,Likert-openness,1
vp51_b,LTHB14,SAM-valence,1
vp51_b,HTLB15,Likert-beauty,5
vp51_b,HTHB09,Likert-safety,4
vp51_b,LTLB14,Likert-hominess,3
vp51_b,LTHB03,SAM-arousal,5
vp51_b,HTLB23,Likert-openness,1
vp51_b,HTHB04,Likert-hominess,2
vp51_b,LTLB04,SAM-arousal,7
vp51_b,HTLB22,SAM-dominance,5
vp51_b,LTHB20,Likert-hominess,1
vp51_b,LTLB20,Likert-safety,5
vp51_b,LTHB09,Likert-openness,5
vp51_b,HTLB17,Likert-safety,5
vp51_b,LTLB19,Likert-safety,3
vp51_b,LTLB04,Likert-fascination,4
vp51_b,HTHB21,Likert-stress,3
vp51_b,LTHB04,Likert-stress,2
vp51_b,HTHB09,SAM-arousal,7
vp51_b,LTLB14,Likert-beauty,4
vp51_b,LTHB20,Likert-fascination,3
vp51_b,LTLB19,SAM-dominance,4
vp51_b,LTLB14,Likert-openness,4
vp51_b,HTLB23,SAM-valence,5
vp51_b,LTLB19,Likert-hominess,2
vp51_b,HTHB14,Likert-beauty,2
vp51_b,LTHB09,Likert-stress,3
vp51_b,LTLB15,Likert-safety,4
vp51_b,HTHB05,Likert-safety,4
vp51_b,HTLB21,Likert-safety,4
vp51_b,LTLB04,Likert-hominess,4
vp51_b,LTHB05,SAM-dominance,7
vp51_b,LTLB20,SAM-valence,3
vp51_b,HTLB22,Likert-stress,3
vp51_b,LTHB14,Likert-openness,4
vp51_b,LTLB17,Likert-safety,2
vp51_b,HTHB16,Likert-openness,5
vp51_b,LTLB02,Likert-openness,4
vp51_b,HTHB05,Likert-hominess,2
vp51_b,HTHB21,Likert-hominess,2
vp51_b,LTLB19,Likert-stress,3
vp51_b,LTHB05,Likert-openness,3
vp51_b,LTHB04,SAM-dominance,5
vp51_b,HTHB21,SAM-dominance,5
vp51_b,HTLB15,Likert-stress,1
vp51_b,HTLB21,SAM-valence,1
vp51_b,LTHB03,Likert-openness,4
vp51_b,HTHB04,SAM-arousal,3
vp51_b,HTLB17,Likert-fascination,5
vp51_b,HTLB23,Likert-beauty,3
vp51_b,HTHB21,SAM-valence,3
vp51_b,LTLB02,Likert-beauty,3
vp51_b,LTHB04,SAM-arousal,5
vp51_b,LTLB20,Likert-openness,4
vp51_b,LTHB14,SAM-arousal,3
vp51_b,HTHB04,SAM-dominance,5
vp51_b,LTHB20,Likert-safety,2
vp51_b,LTLB02,SAM-valence,6
vp51_b,HTLB16,Likert-openness,1
vp51_b,HTLB17,Likert-openness,3
vp51_b,LTHB14,Likert-beauty,5
vp51_b,LTLB17,Likert-stress,4
vp51_b,HTLB22,Likert-beauty,3
vp51_b,LTHB25,SAM-arousal,5
vp51_b,LTLB14,SAM-valence,5
vp51_b,HTHB21,Likert-openness,4
vp51_b,LTLB02,Likert-hominess,3
vp51_b,LTHB05,Likert-stress,1
vp51_b,HTLB15,SAM-valence,4
vp51_b,LTLB19,Likert-openness,3
vp51_b,LTHB11,Likert-fascination,4
vp51_b,LTLB15,Likert-openness,3
vp51_b,HTHB05,Likert-openness,2
vp51_b,LTLB19,Likert-beauty,2
vp51_b,LTLB15,Likert-beauty,3
vp51_b,LTLB17,SAM-dominance,7
vp51_b,LTHB11,SAM-dominance,5
vp51_b,HTHB09,Likert-beauty,4
vp51_b,LTLB20,Likert-fascination,3
vp51_b,LTLB20,Likert-hominess,3
vp51_b,HTHB04,Likert-safety,4
vp51_b,LTHB25,Likert-beauty,2
vp51_b,HTLB15,Likert-openness,4
vp51_b,HTHB04,Likert-openness,5
vp51_b,HTHB21,Likert-safety,4
vp51_b,HTHB14,Likert-fascination,2
vp51_b,HTLB21,Likert-stress,2
vp51_b,LTHB14,Likert-safety,5
vp51_b,LTLB02,Likert-stress,4
vp51_b,HTLB17,Likert-stress,2
vp51_b,HTHB14,Likert-openness,4
vp51_b,HTLB16,Likert-beauty,1
vp51_b,LTHB11,Likert-openness,4
vp51_b,LTHB20,Likert-openness,2
vp51_b,HTLB23,Likert-fascination,3
vp51_b,HTHB04,Likert-stress,3
vp51_b,HTLB15,SAM-arousal,8
vp51_b,HTLB09,Likert-hominess,2
vp51_b,HTLB17,Likert-hominess,5
vp51_b,HTLB21,SAM-dominance,3
vp51_b,HTHB05,SAM-dominance,8
vp51_b,HTLB15,Likert-safety,5
vp51_b,LTHB04,Likert-openness,4
vp51_b,LTHB25,Likert-openness,1
vp51_b,HTHB14,SAM-dominance,2
vp51_b,LTLB20,SAM-dominance,7
vp51_b,HTHB05,Likert-fascination,4
vp51_b,HTLB22,SAM-valence,7
vp51_b,HTLB22,Likert-fascination,1
vp51_b,HTHB05,SAM-arousal,4
vp51_b,HTHB09,SAM-dominance,3
vp51_b,LTLB15,Likert-stress,2
vp51_b,HTHB14,Likert-hominess,3
vp51_b,HTHB21,SAM-arousal,7
vp51_b,HTHB05,Likert-beauty,4
vp51_b,LTLB20,Likert-stress,1
vp51_b,LTLB17,SAM-arousal,5
vp51_b,HTHB14,SAM-valence,5
vp51_b,LTHB04,Likert-beauty,3
vp51_b,LTHB03,SAM-valence,5
vp51_b,HTLB16,SAM-dominance,2
vp51_b,LTHB20,Likert-stress,3
vp51_b,LTHB09,Likert-beauty,5
vp51_b,LTHB04,Likert-fascination,4
vp51_b,LTHB05,Likert-hominess,5
vp51_b,LTHB11,Likert-safety,5
vp51_b,LTHB20,SAM-valence,6
vp51_b,LTLB04,SAM-valence,5
vp51_b,LTLB02,SAM-arousal,6
vp51_b,HTHB16,Likert-stress,5
vp51_b,HTLB16,Likert-stress,5
vp51_b,HTLB09,Likert-fascination,2
vp51_b,LTHB03,Likert-hominess,3
vp51_b,LTHB25,Likert-stress,4
vp51_b,HTHB16,SAM-arousal,2
vp51_b,HTLB21,Likert-hominess,4
vp51_b,LTLB04,Likert-beauty,4
vp51_b,LTHB03,Likert-fascination,3
vp51_b,LTLB14,SAM-arousal,5
vp51_b,HTHB09,Likert-stress,2
vp51_b,HTLB15,SAM-dominance,8
vp51_b,HTLB09,SAM-arousal,6
vp51_b,HTLB23,Likert-safety,3
vp51_b,LTLB04,SAM-dominance,5
vp51_b,HTHB09,Likert-hominess,4
vp51_b,LTHB14,Likert-stress,3
vp51_b,LTLB20,Likert-beauty,5
vp51_b,HTHB04,Likert-beauty,3
vp51_b,LTHB09,SAM-valence,3
vp51_b,LTHB03,Likert-safety,3
vp51_b,HTLB09,SAM-valence,5
vp51_b,LTLB04,Likert-openness,3
vp51_b,HTLB23,Likert-stress,4
vp51_b,LTHB05,Likert-fascination,5
vp51_b,LTHB11,SAM-valence,4
vp51_b,HTLB16,SAM-valence,8
vp51_b,HTLB15,Likert-fascination,5
vp51_b,HTHB05,SAM-valence,5
vp51_b,HTHB09,Likert-fascination,4
vp51_b,LTLB04,Likert-safety,4
vp51_b,HTHB16,Likert-beauty,4
vp51_b,LTLB02,Likert-safety,3
vp51_b,LTLB04,Likert-stress,2
vp51_b,HTLB17,SAM-arousal,9
vp51_b,LTLB19,Likert-fascination,2
vp51_b,LTLB17,Likert-beauty,2
vp51_b,LTHB11,SAM-arousal,5
vp51_b,LTLB02,Likert-fascination,3
vp51_b,HTHB21,Likert-beauty,4
vp51_b,HTHB21,Likert-fascination,4
vp51_b,HTLB16,Likert-fascination,2
vp51_b,HTLB23,SAM-dominance,1
vp51_b,LTHB05,SAM-valence,1
vp51_b,LTLB15,SAM-dominance,5
vp51_b,LTLB14,Likert-stress,2
vp51_b,HTHB14,Likert-stress,5
vp51_b,LTLB20,SAM-arousal,7
vp51_b,LTHB11,Likert-hominess,4
vp51_b,HTLB16,SAM-arousal,3
vp51_b,LTLB14,SAM-dominance,2
vp51_b,LTHB03,SAM-dominance,5
vp51_b,LTLB15,Likert-fascination,3
vp51_b,LTLB19,SAM-arousal,5
vp51_b,HTHB09,SAM-valence,3
vp51_b,HTLB22,Likert-safety,2
vp51_b,HTLB21,Likert-fascination,4
vp51_b,HTHB09,Likert-openness,3
vp51_b,HTHB16,SAM-valence,5
vp51_b,HTLB09,SAM-dominance,2
vp51_b,LTHB25,SAM-valence,4
vp51_b,LTHB20,Likert-beauty,3
vp51_b,LTHB04,Likert-hominess,2
vp51_b,LTHB25,Likert-safety,2
vp51_b,HTLB15,Likert-hominess,5
vp51_b,LTHB09,SAM-dominance,5
vp51_b,HTLB21,SAM-arousal,9
vp51_b,HTLB09,Likert-stress,4
vp51_b,LTHB03,Likert-stress,3
vp51_b,HTHB16,Likert-hominess,2
vp51_b,HTHB16,Likert-fascination,3
vp51_b,HTLB17,SAM-valence,2
vp51_b,HTHB04,Likert-fascination,3
vp51_b,HTLB23,SAM-arousal,5
vp51_b,LTHB14,Likert-fascination,5
vp51_b,HTLB17,Likert-beauty,4
vp51_b,LTLB17,Likert-fascination,1
vp51_b,HTHB14,SAM-arousal,3
vp51_b,HTHB14,Likert-safety,4
vp51_b,LTHB09,Likert-safety,5
vp51_b,HTLB16,Likert-safety,2
vp51_b,HTLB21,Likert-beauty,4
vp51_b,HTLB21,Likert-openness,3
vp51_b,LTHB04,Likert-safety,4
vp51_b,LTLB17,Likert-hominess,2
vp51_b,HTHB16,Likert-safety,4
vp51_b,HTLB16,Likert-hominess,3
vp51_b,LTHB11,Likert-stress,3
vp51_b,LTHB03,Likert-beauty,4
vp51_b,LTLB15,SAM-valence,4
vp51_b,HTHB05,Likert-stress,3
vp51_b,LTHB25,Likert-fascination,5
vp51_b,LTHB05,Likert-beauty,5
vp51_b,LTHB11,Likert-beauty,3
vp51_b,LTLB15,Likert-hominess,3
vp51_b,LTHB20,SAM-dominance,5
vp51_b,LTHB09,SAM-arousal,5
vp51_b,HTLB09,Likert-beauty,2
vp51_b,HTLB22,SAM-arousal,5
vp51_b,LTHB14,SAM-dominance,7
vp51_b,LTLB02,SAM-dominance,5
vp51_b,LTHB14,Likert-hominess,4
vp51_b,HTLB09,Likert-safety,2
vp51_b,LTLB15,SAM-arousal,5
vp51_b,LTHB25,Likert-hominess,1
vp51_b,HTLB09,Likert-openness,3
vp51_b,LTLB14,Likert-fascination,2
vp51_b,HTHB16,SAM-dominance,7
vp51_b,LTHB04,SAM-valence,5
vp51_b,LTHB05,Likert-safety,4
vp51_b,LTHB20,SAM-arousal,7
vp51_b,HTHB04,SAM-valence,5
vp51_b,LTLB19,SAM-valence,4
vp51_b,LTHB25,SAM-dominance,3
vp51_b,LTHB05,SAM-arousal,3
vp51_b,LTLB14,Likert-safety,2
vp51_b,HTLB23,Likert-hominess,2
vp51_b,HTLB22,Likert-hominess,2
vp51_b,LTLB17,SAM-valence,7
vp51_b,LTHB09,Likert-fascination,3
vp51_b,HTLB17,SAM-dominance,7
