participantID,stimulusID,scaleType,response
vp10a-2,LTHB07,Likert-Faszination,2
vp10a-2,HTHB06,Likert-Offenheit,2
vp10a-2,LTLB01,Likert-Sicherheit,3
vp10a-2,HTHB18,Likert-Offenheit,4
vp10a-2,LTLB06,Likert-Faszination,1
vp10a-2,HTLB12,Likert-Faszination,1
vp10a-2,HTHB22,SAM-valence,5
vp10a-2,HTHB08,Likert-Faszination,2
vp10a-2,LTHB19,SAM-arousal,3
vp10a-2,LTHB16,SAM-valence,5
vp10a-2,LTLB01,Likert-Heimeligkeit,1
vp10a-2,HTHB19,Likert-Offenheit,4
vp10a-2,LTLB11,Likert-Schönheit,2
vp10a-2,HTHB08,SAM-arousal,6
vp10a-2,LTHB08,Likert-Sicherheit,5
vp10a-2,HTHB02,SAM-dominance,8
vp10a-2,LTLB22,SAM-dominance,8
vp10a-2,HTHB15,Likert-Offenheit,4
vp10a-2,HTHB19,Likert-Schönheit,2
vp10a-2,HTHB02,SAM-valence,2
vp10a-2,LTLB11,Likert-Stress,1
vp10a-2,LTHB10,Likert-Offenheit,1
vp10a-2,LTLB12,SAM-valence,7
vp10a-2,LTHB18,Likert-Sicherheit,1
vp10a-2,LTLB12,Likert-Schönheit,2
vp10a-2,HTHB12,SAM-arousal,7
vp10a-2,HTHB15,Likert-Sicherheit,5
vp10a-2,HTLB03,Likert-Offenheit,4
vp10a-2,HTHB08,SAM-valence,2
vp10a-2,HTLB05,Likert-Faszination,4
vp10a-2,HTLB06,SAM-arousal,7
vp10a-2,HTHB19,Likert-Stress,1
vp10a-2,HTLB11,Likert-Offenheit,4
vp10a-2,LTHB16,SAM-dominance,7
vp10a-2,HTLB11,SAM-arousal,2
vp10a-2,LTHB19,Likert-Schönheit,1
vp10a-2,LTLB22,SAM-valence,5
vp10a-2,LTLB12,Likert-Sicherheit,4
vp10a-2,HTLB13,Likert-Schönheit,2
vp10a-2,HTLB05,SAM-valence,2
vp10a-2,HTLB13,Likert-Offenheit,5
vp10a-2,HTLB04,SAM-arousal,7
vp10a-2,LTHB16,Likert-Sicherheit,4
vp10a-2,HTLB06,SAM-dominance,9
vp10a-2,LTLB01,Likert-Faszination,2
vp10a-2,HTLB04,Likert-Stress,1
vp10a-2,LTLB22,Likert-Stress,1
vp10a-2,LTHB19,Likert-Faszination,1
vp10a-2,HTHB12,Likert-Faszination,3
vp10a-2,HTLB03,Likert-Heimeligkeit,5
vp10a-2,LTHB07,Likert-Heimeligkeit,4
vp10a-2,LTLB07,Likert-Schönheit,2
vp10a-2,HTHB19,SAM-arousal,8
vp10a-2,LTLB01,SAM-valence,3
vp10a-2,HTLB12,Likert-Heimeligkeit,4
vp10a-2,LTLB07,SAM-dominance,6
vp10a-2,HTLB05,Likert-Stress,1
vp10a-2,HTLB12,Likert-Offenheit,5
vp10a-2,HTHB22,SAM-dominance,8
vp10a-2,HTHB15,Likert-Heimeligkeit,2
vp10a-2,LTHB19,Likert-Stress,5
vp10a-2,HTLB03,Likert-Stress,1
vp10a-2,HTLB03,SAM-arousal,8
vp10a-2,LTLB03,Likert-Faszination,3
vp10a-2,HTLB12,SAM-valence,3
vp10a-2,LTLB06,Likert-Heimeligkeit,3
vp10a-2,HTLB06,Likert-Faszination,3
vp10a-2,LTLB01,Likert-Schönheit,3
vp10a-2,LTLB12,Likert-Faszination,3
vp10a-2,HTHB15,Likert-Schönheit,3
vp10a-2,LTLB07,Likert-Heimeligkeit,2
vp10a-2,HTLB04,SAM-dominance,9
vp10a-2,LTHB18,SAM-dominance,2
vp10a-2,HTHB06,Likert-Faszination,3
vp10a-2,HTLB11,Likert-Heimeligkeit,2
vp10a-2,LTLB07,Likert-Stress,1
vp10a-2,HTHB08,Likert-Schönheit,4
vp10a-2,LTHB07,SAM-arousal,2
vp10a-2,LTLB11,SAM-arousal,9
vp10a-2,HTLB11,Likert-Schönheit,1
vp10a-2,LTLB11,Likert-Sicherheit,4
vp10a-2,HTHB19,SAM-valence,4
vp10a-2,HTHB02,Likert-Faszination,4
vp10a-2,HTHB06,Likert-Stress,1
vp10a-2,LTLB03,Likert-Offenheit,5
vp10a-2,HTLB05,Likert-Schönheit,4
vp10a-2,HTHB12,Likert-Stress,5
vp10a-2,HTHB19,SAM-dominance,9
vp10a-2,HTLB05,Likert-Sicherheit,5
vp10a-2,LTHB08,SAM-dominance,9
vp10a-2,LTLB07,SAM-arousal,9
vp10a-2,HTHB12,Likert-Sicherheit,3
vp10a-2,LTHB10,SAM-dominance,9
vp10a-2,HTHB19,Likert-Faszination,3
vp10a-2,HTHB22,Likert-Schönheit,3
vp10a-2,LTLB11,Likert-Offenheit,5
vp10a-2,LTHB18,Likert-Faszination,2
vp10a-2,HTHB18,Likert-Schönheit,4
vp10a-2,LTLB06,Likert-Sicherheit,3
vp10a-2,HTLB13,Likert-Sicherheit,5
vp10a-2,LTLB12,SAM-arousal,9
vp10a-2,HTHB22,Likert-Sicherheit,4
vp10a-2,LTHB08,Likert-Stress,1
vp10a-2,HTLB04,Likert-Sicherheit,5
vp10a-2,LTLB11,Likert-Faszination,2
vp10a-2,HTHB08,Likert-Heimeligkeit,4
vp10a-2,HTHB06,Likert-Schönheit,4
vp10a-2,HTLB03,Likert-Schönheit,4
vp10a-2,LTHB07,SAM-valence,5
vp10a-2,LTHB16,Likert-Heimeligkeit,2
vp10a-2,HTHB08,Likert-Sicherheit,5
vp10a-2,HTHB18,Likert-Sicherheit,4
vp10a-2,LTHB07,Likert-Stress,3
vp10a-2,HTHB18,Likert-Stress,2
vp10a-2,LTHB10,Likert-Faszination,3
vp10a-2,HTHB22,Likert-Faszination,3
vp10a-2,HTLB13,SAM-dominance,9
vp10a-2,HTHB12,Likert-Heimeligkeit,1
vp10a-2,LTLB06,SAM-arousal,3
vp10a-2,HTLB11,Likert-Stress,3
vp10a-2,HTLB04,Likert-Offenheit,5
vp10a-2,LTLB06,SAM-dominance,7
vp10a-2,HTHB06,SAM-arousal,8
vp10a-2,HTLB12,SAM-arousal,9
vp10a-2,LTHB07,Likert-Sicherheit,3
vp10a-2,HTLB12,Likert-Stress,1
vp10a-2,HTLB12,Likert-Sicherheit,5
vp10a-2,HTHB15,Likert-Faszination,2
vp10a-2,HTLB13,Likert-Stress,1
vp10a-2,HTLB13,SAM-arousal,9
vp10a-2,HTLB04,Likert-Schönheit,3
vp10a-2,LTLB03,Likert-Sicherheit,5
vp10a-2,HTLB11,SAM-dominance,7
vp10a-2,LTLB06,Likert-Schönheit,3
vp10a-2,HTHB19,Likert-Heimeligkeit,3
vp10a-2,HTHB18,SAM-dominance,9
vp10a-2,HTLB05,SAM-arousal,8
vp10a-2,HTLB11,Likert-Faszination,2
vp10a-2,LTLB03,SAM-dominance,9
vp10a-2,HTHB02,Likert-Offenheit,5
vp10a-2,HTLB13,Likert-Heimeligkeit,4
vp10a-2,LTLB11,SAM-dominance,8
vp10a-2,LTLB03,Likert-Stress,2
vp10a-2,LTHB19,Likert-Heimeligkeit,1
vp10a-2,LTHB08,SAM-arousal,9
vp10a-2,HTHB06,Likert-Heimeligkeit,2
vp10a-2,LTHB19,SAM-valence,9
vp10a-2,HTLB06,Likert-Heimeligkeit,4
vp10a-2,LTLB07,SAM-valence,5
vp10a-2,HTHB12,Likert-Offenheit,3
vp10a-2,LTHB08,Likert-Schönheit,3
vp10a-2,HTHB02,Likert-Schönheit,4
vp10a-2,LTLB22,Likert-Schönheit,3
vp10a-2,HTHB08,Likert-Stress,1
vp10a-2,HTLB05,Likert-Heimeligkeit,3
vp10a-2,HTHB08,Likert-Offenheit,3
vp10a-2,HTHB22,Likert-Offenheit,4
vp10a-2,LTLB11,Likert-Heimeligkeit,2
vp10a-2,LTLB12,Likert-Offenheit,4
vp10a-2,HTLB11,Likert-Sicherheit,4
vp10a-2,HTLB13,SAM-valence,5
vp10a-2,LTHB07,Likert-Offenheit,2
vp10a-2,HTHB22,SAM-arousal,4
vp10a-2,HTLB04,Likert-Heimeligkeit,4
vp10a-2,HTHB18,SAM-arousal,7
vp10a-2,HTHB18,SAM-valence,5
vp10a-2,LTLB22,Likert-Sicherheit,4
vp10a-2,HTHB06,SAM-valence,5
vp10a-2,HTLB06,Likert-Sicherheit,5
vp10a-2,LTHB18,Likert-Offenheit,2
vp10a-2,HTLB06,Likert-Stress,1
vp10a-2,LTLB07,Likert-Faszination,2
vp10a-2,HTLB05,Likert-Offenheit,4
vp10a-2,LTLB12,SAM-dominance,9
vp10a-2,HTHB02,Likert-Heimeligkeit,4
vp10a-2,LTHB10,Likert-Schönheit,3
vp10a-2,LTHB19,Likert-Sicherheit,1
vp10a-2,LTHB08,SAM-valence,5
vp10a-2,HTHB18,Likert-Faszination,2
vp10a-2,LTLB22,Likert-Heimeligkeit,3
vp10a-2,LTHB16,Likert-Offenheit,4
vp10a-2,LTHB18,SAM-valence,7
vp10a-2,LTHB10,Likert-Heimeligkeit,2
vp10a-2,HTHB18,Likert-Heimeligkeit,3
vp10a-2,HTHB15,Likert-Stress,2
vp10a-2,HTHB08,SAM-dominance,9
vp10a-2,HTLB12,SAM-dominance,9
vp10a-2,HTLB04,SAM-valence,3
vp10a-2,LTHB18,SAM-arousal,4
vp10a-2,LTLB03,SAM-valence,3
vp10a-2,HTLB03,SAM-dominance,9
vp10a-2,LTLB22,SAM-arousal,8
vp10a-2,HTLB13,Likert-Faszination,2
vp10a-2,LTHB16,Likert-Faszination,3
vp10a-2,HTHB15,SAM-valence,5
vp10a-2,HTHB02,SAM-arousal,7
vp10a-2,HTLB06,SAM-valence,2
vp10a-2,LTLB12,Likert-Stress,2
vp10a-2,HTLB11,SAM-valence,6
vp10a-2,LTHB07,SAM-dominance,8
vp10a-2,LTHB08,Likert-Offenheit,5
vp10a-2,LTLB22,Likert-Offenheit,5
vp10a-2,LTLB06,Likert-Stress,3
vp10a-2,LTHB19,Likert-Offenheit,1
vp10a-2,LTHB10,Likert-Stress,2
vp10a-2,LTLB22,Likert-Faszination,2
vp10a-2,HTHB19,Likert-Sicherheit,5
vp10a-2,HTHB12,Likert-Schönheit,2
vp10a-2,HTHB15,SAM-dominance,9
vp10a-2,LTHB08,Likert-Faszination,3
vp10a-2,LTHB18,Likert-Schönheit,3
vp10a-2,HTLB06,Likert-Schönheit,4
vp10a-2,LTLB06,Likert-Offenheit,3
vp10a-2,LTHB18,Likert-Heimeligkeit,2
vp10a-2,LTHB10,Likert-Sicherheit,3
vp10a-2,LTLB12,Likert-Heimeligkeit,3
vp10a-2,LTHB07,Likert-Schönheit,3
vp10a-2,HTHB15,SAM-arousal,4
vp10a-2,LTHB16,SAM-arousal,6
vp10a-2,LTLB03,Likert-Schönheit,3
vp10a-2,LTHB08,Likert-Heimeligkeit,3
vp10a-2,HTLB12,Likert-Schönheit,4
vp10a-2,LTLB01,SAM-arousal,9
vp10a-2,LTLB01,Likert-Stress,1
vp10a-2,HTHB22,Likert-Heimeligkeit,2
vp10a-2,LTHB16,Likert-Stress,1
vp10a-2,LTLB03,Likert-Heimeligkeit,3
vp10a-2,LTLB06,SAM-valence,5
vp10a-2,HTHB22,Likert-Stress,3
vp10a-2,HTLB06,Likert-Offenheit,5
vp10a-2,LTHB16,Likert-Schönheit,4
vp10a-2,HTLB04,Likert-Faszination,4
vp10a-2,HTLB03,Likert-Sicherheit,5
vp10a-2,HTLB03,Likert-Faszination,3
vp10a-2,HTHB12,SAM-dominance,9
vp10a-2,LTLB07,Likert-Sicherheit,5
vp10a-2,LTHB19,SAM-dominance,1
vp10a-2,LTLB01,SAM-dominance,9
vp10a-2,LTLB01,Likert-Offenheit,5
vp10a-2,HTLB03,SAM-valence,4
vp10a-2,HTHB06,Likert-Sicherheit,5
vp10a-2,LTHB10,SAM-arousal,3
vp10a-2,LTHB18,Likert-Stress,5
vp10a-2,HTHB02,Likert-Sicherheit,5
vp10a-2,HTHB12,SAM-valence,5
vp10a-2,LTHB10,SAM-valence,5
vp10a-2,HTHB02,Likert-Stress,5
vp10a-2,HTLB05,SAM-dominance,9
vp10a-2,LTLB07,Likert-Offenheit,4
vp10a-2,LTLB03,SAM-arousal,8
vp10a-2,HTHB06,SAM-dominance,9
vp10a-2,LTLB11,SAM-valence,6
